sentence_id,words,labels
1,Home,O
1,Point,O
1,recorded,O
2,GPS,B-FNC
2,Position,O
2,Mismatch,O
3,GPS,B-FNC
3,Position,O
3,Mismatch,O
4,Switched,O
4,to,O
4,P,B-STE
4,Positioning,B-STE
4,Mode,I-STE
5,GPS,B-FNC
5,Position,O
5,Mismatch,O
6,Attitude,O
6,is,O
6,too,O
6,large,O
7,Home,O
7,Point,O
7,Recorded,O
7,RTH,B-ACT
7,Altitude,O
7,30m,O
8,Large,O
8,Wind,B-ISS
8,Velocity,I-ISS
9,GPS,B-FNC
9,Position,O
9,Mismatch,O
10,Attitude,O
10,is,O
10,too,O
10,large,O
11,Weak,O
11,signal,O
11,Avoid,O
11,blocking,O
11,the,O
11,antennas,O
11,and,O
11,keep,O
11,the,O
11,antennas,O
11,parallel,O
11,to,O
11,and,O
11,facing,O
11,toward,O
11,the,O
11,aircraft,B-CMP
11,during,O
11,flight,O
12,GPS,B-FNC
12,Position,O
12,Mismatch,O
13,GPS,B-FNC
13,Position,O
13,Mismatch,O
14,Landing,B-CMP
14,Gear,I-CMP
14,Lowering,B-ACT
15,To,O
15,take,O
15,off,O
15,in,O
15,mode,O
15,toggle,O
15,Flight,O
15,Mode,O
15,Switch,O
15,to,O
15,another,O
15,mode,O
15,and,O
15,then,O
15,toggle,O
15,it,O
15,back,O
16,GPS,B-FNC
16,Position,O
16,Mismatch,O
17,GPS,B-FNC
17,Position,O
17,Mismatch,O
18,Landing,B-CMP
18,gear,I-CMP
18,Avoidance,O
18,Disabled,O
19,Strong,O
19,Interference,B-ISS
19,to,O
19,Aircraft,B-CMP
19,Signal,O
19,interruption,O
19,may,O
19,be,O
19,more,O
19,likely,O
19,Fly,O
19,with,O
19,caution,O
20,Fly,O
20,with,O
20,caution,O
20,and,O
20,ensure,O
20,the,O
20,aircraft,B-CMP
20,remains,O
20,within,O
20,your,O
20,line,O
20,of,O
20,sight,O
21,Switched,O
21,to,O
21,T,B-STE
21,Tripod,B-STE
21,Mode,I-STE
22,GPS,B-FNC
22,Position,O
22,Mismatch,O
23,GPS,B-FNC
23,Position,O
23,Mismatch,O
24,GPS,B-FNC
24,Position,O
24,Mismatch,O
25,GPS,B-FNC
25,Position,O
25,Mismatch,O
26,In,B-STE
26,Flight,I-STE
27,Attitude,O
27,is,O
27,too,O
27,large,O
28,GPS,B-FNC
28,Position,O
28,Mismatch,O
29,GPS,B-FNC
29,Position,O
29,Mismatch,O
30,Remote,O
30,controller,O
30,assisted,O
30,takeoff,O
30,initiated,O
31,GPS,B-FNC
31,Position,O
31,Mismatch,O
32,Data,O
32,Recorder,O
32,File,O
32,Index,O
32,is,O
32,9,O
33,GPS,B-FNC
33,Position,O
33,Mismatch,O
34,Home,O
34,Point,O
34,Recorded,O
34,RTH,O
34,Altitude,O
34,30m,O
35,GPS,B-FNC
35,Position,O
35,Mismatch,O
36,Switched,O
36,to,O
36,P,B-STE
36,Positioning,B-STE
36,Mode,I-STE
37,Switched,I-STE
37,to,O
37,P,B-STE
37,Positioning,B-STE
37,Mode,I-STE
38,GPS,B-FNC
38,Position,O
38,Mismatch,O
39,The,O
39,remaining,O
39,battery,B-CMP
39,is,O
39,only,O
39,enough,O
39,for,O
39,RTH,B-ACT
39,Return,O
39,home,O
39,now,O
40,Landing,B-CMP
40,gear,I-CMP
40,Avoidance,O
40,Disabled,O
41,Switched,O
41,to,O
41,S,B-STE
41,Sport,B-STE
42,GPS,B-FNC
42,Position,O
42,Mismatch,O
43,GPS,B-FNC
43,Position,O
43,Mismatch,O
44,GPS,B-FNC
44,Position,O
44,Mismatch,O
45,Attitude,O
45,is,O
45,too,O
45,large,O
46,GPS,B-FNC
46,Position,O
46,Mismatch,O
47,Landing,B-FNC
47,Protection,I-FNC
47,Activated,O
47,Aircraft,B-CMP
47,will,O
47,decelerate,O
47,during,O
47,landing,B-ACT
48,Taking,B-ACT
48,Off,I-ACT
49,Maximum,B-ISS
49,flight,I-ISS
49,distance,I-ISS
49,reached,O
49,Adjust,O
49,the,O
49,distance,O
49,in,O
49,MC,O
49,Settings,B-FNC
49,if,O
49,required,O
50,GPS,B-FNC
50,Position,O
50,Mismatch,O
51,GEO,O
51,You,O
51,are,O
51,in,O
51,a,O
51,Warning,B-ISS
51,Zone,I-ISS
51,School,O
51,Fly,O
51,with,O
51,caution,O
52,GPS,B-FNC
52,Position,O
52,Mismatch,O
53,RTH,B-ACT
53,Altitude,O
53,65FT,O
54,In,B-STE
54,Flight,I-STE
55,GPS,B-FNC
55,Position,O
55,Mismatch,O
56,GPS,B-FNC
56,Position,O
56,Mismatch,O
57,Obstacle,O
57,Avoided,B-ACT
57,Revise,O
57,Flight,O
57,Route,O
58,GPS,B-FNC
58,Position,O
58,Mismatch,O
59,GPS,B-FNC
59,Position,O
59,Mismatch,O
60,GPS,B-FNC
60,Position,O
60,Mismatch,O
61,To,O
61,take,O
61,off,O
61,in,O
61,mode,O
61,toggle,O
61,Flight,O
61,Mode,O
61,Switch,O
61,to,O
61,another,O
61,mode,O
61,and,O
61,then,O
61,toggle,O
61,it,O
61,back,O
62,GPS,B-FNC
62,Position,O
62,Mismatch,O
63,Landing,B-FNC
63,Protection,I-FNC
63,Activated,O
63,Aircraft,B-CMP
63,will,O
63,decelerate,O
63,during,O
63,landing,B-ACT
64,Drag,O
64,a,O
64,box,O
64,around,O
64,or,O
64,tap,O
64,a,O
64,target,O
64,on,O
64,screen,O
64,Then,O
64,tap,O
64,Go,O
65,GPS,B-FNC
65,Position,O
65,Mismatch,O
66,Max,B-ISS
66,Flight,I-ISS
66,Distance,I-ISS
66,Reached,O
66,Adjust,O
66,in,O
66,Main,O
66,Controller,B-CMP
66,Settings,B-FNC
66,if,O
66,necessary,O
67,Home,O
67,Point,O
67,Recorded,O
67,RTH,B-ACT
67,Altitude,O
67,ÃÂ,O
67,30m,O
68,Compass,B-CMP
68,abnormalSolution,O
68,1,O
68,Ensure,O
68,there,O
68,are,O
68,no,O
68,magnets,O
68,or,O
68,metal,O
68,objects,O
68,near,O
68,the,O
68,aircraft,B-CMP
68,The,O
68,ground,O
68,or,O
68,walls,O
68,may,O
68,contain,O
68,metal,O
68,Move,O
68,away,O
68,from,O
68,sources,O
68,of,O
68,interference,B-ISS
68,before,O
68,attempting,O
68,flight,O
68,2,O
68,Calibrate,B-ACT
68,Compass,B-CMP
68,Before,O
68,Takeoff,O
69,GPS,B-FNC
69,Position,O
69,Mismatch,O
70,Taking,B-ACT
70,Off,I-ACT
71,GPS,B-FNC
71,Position,O
71,Mismatch,O
72,GPS,B-FNC
72,Position,O
72,Mismatch,O
73,Large,O
73,Wind,B-ISS
73,Velocity,I-ISS
74,High,O
74,wind,B-ISS
74,velocity,I-ISS
74,Fly,O
74,with,O
74,caution,O
75,High,O
75,wind,B-ISS
75,velocity,I-ISS
75,Fly,O
75,with,O
75,caution,O
76,GPS,B-FNC
76,Position,O
76,Mismatch,O
77,Switched,O
77,to,O
77,S,B-STE
77,Sport,B-STE
77,Mode,I-STE
78,Max,B-ISS
78,Flight,I-ISS
78,Distance,I-ISS
78,Reached,O
78,Adjust,O
78,in,O
78,Main,O
78,Controller,B-CMP
78,Settings,B-FNC
78,if,O
78,necessary,O
79,Home,O
79,Point,O
79,Updated,O
80,Home,O
80,Point,O
80,Updated,O
81,Gimbal,B-CMP
81,Pitch,I-CMP
81,Limit,O
81,Reached,O
82,Switched,O
82,to,O
82,P,B-STE
82,Positioning,B-STE
82,Mode,I-STE
83,GPS,B-FNC
83,Position,O
83,Mismatch,O
84,Max,B-ISS
84,Flight,I-ISS
84,Distance,I-ISS
84,Reached,O
84,Adjust,O
84,in,O
84,Main,O
84,Controller,B-CMP
84,Settings,B-FNC
84,if,O
84,necessary,O
85,Home,O
85,Point,O
85,Recorded,O
85,RTH,B-ACT
85,Altitude,O
85,30m,O
86,Attitude,O
86,is,O
86,too,O
86,large,O
87,GPS,B-FNC
87,Position,O
87,Mismatch,O
88,Landing,B-FNC
88,Protection,I-FNC
88,Activated,O
88,Aircraft,B-CMP
88,will,O
88,decelerate,O
88,during,O
88,landing,B-ACT
89,Taking,B-ACT
89,Off,I-ACT
90,GPS,B-FNC
90,Position,O
90,Mismatch,O
91,Home,O
91,Point,O
91,Recorded,O
91,RTH,B-ACT
91,Altitude,O
91,30m,O
92,GPS,B-FNC
92,Position,O
92,Mismatch,O
93,Switched,O
93,to,O
93,S,B-STE
93,Sport,B-STE
94,Mobile,O
94,device,O
94,CPU,B-CMP
94,fully,O
94,loaded,O
94,Related,O
94,performance,O
94,will,O
94,be,O
94,affected,O
95,Aircraft,B-CMP
95,is,O
95,returning,O
95,to,O
95,the,O
95,Home,O
95,Point,O
95,RTH,B-ACT
95,Altitude,O
95,is,O
95,30m,O
95,You,O
95,can,O
95,reset,O
95,the,O
95,RTH,B-ACT
95,Altitude,O
95,in,O
95,Remote,O
95,Controller,B-CMP
95,Settings,B-FNC
95,after,O
95,cancelling,O
95,RTH,B-ACT
95,if,O
95,necessary,O
96,Switched,O
96,to,O
96,S,B-STE
96,Sport,B-STE
96,Mode,I-STE
97,Landing,B-CMP
97,Gear,I-CMP
97,Lowering,B-ACT
98,Home,O
98,Point,O
98,Updated,O
99,GPS,B-FNC
99,Position,O
99,Mismatch,O
100,Home,O
100,Point,O
100,Recorded,O
100,RTH,B-ACT
100,Altitude,O
100,30m,O
101,Data,O
101,Recorder,O
101,File,O
101,Index,O
101,is,O
101,7,O
102,GPS,B-FNC
102,Position,O
102,Mismatch,O
103,Attitude,O
103,is,O
103,too,O
103,large,O
104,Attitude,O
104,is,O
104,too,O
104,large,O
105,GPS,B-FNC
105,Position,O
105,Mismatch,O
106,GPS,B-FNC
106,Position,O
106,Mismatch,O
107,GPS,B-FNC
107,Position,O
107,Mismatch,O
108,GPS,B-FNC
108,Position,O
108,Mismatch,O
109,Your,O
109,palm,O
109,is,O
109,too,O
109,far,O
109,away,O
109,from,O
109,the,O
109,aircraft,B-CMP
109,Please,O
109,step,O
109,closer,O
110,GPS,B-FNC
110,Position,O
110,Mismatch,O
111,GPS,B-FNC
111,Position,O
111,Mismatch,O
112,Taking,B-ACT
112,Off,I-ACT
113,Obstacle,B-FNC
113,Sensing,I-FNC
113,will,O
113,be,O
113,disabled,O
113,when,O
113,aircraft,B-CMP
113,is,O
113,landing,B-ACT
113,Fly,O
113,with,O
113,caution,O
114,Home,O
114,Point,O
114,Recorded,O
114,RTH,B-ACT
114,Altitude,O
114,30m,O
115,Tip,O
115,Aircraft,B-CMP
115,reached,O
115,maximum,B-ISS
115,distance,I-ISS
115,please,I-ISS
115,pay,O
115,attention,O
115,to,O
115,flight,O
115,safety,O
116,Drag,O
116,a,O
116,box,O
116,around,O
116,or,O
116,tap,O
116,a,O
116,target,O
116,on,O
116,screen,O
116,Then,O
116,tap,O
116,Go,O
117,GPS,B-FNC
117,Position,O
117,Mismatch,O
118,GPS,B-FNC
118,Position,O
118,Mismatch,O
119,In,O
119,Flight,O
120,GPS,B-FNC
120,Position,O
120,Mismatch,O
121,Taking,B-ACT
121,Off,I-ACT
122,Home,O
122,Point,O
122,Updated,O
123,Command,O
123,Timeout,O
124,Forward,O
124,Obstacle,B-FNC
124,Sensing,I-FNC
124,not,O
124,Responding,O
125,In,B-STE
125,Flight,I-STE
126,Tap,O
126,the,O
126,screen,O
126,to,O
126,focus,O
127,GPS,B-FNC
127,Position,O
127,Mismatch,O
128,GPS,B-FNC
128,Position,O
128,Mismatch,O
129,Attitude,O
129,is,O
129,too,O
129,large,O
130,Tap,O
130,the,O
130,screen,O
130,lightly,O
130,to,O
130,focus,O
131,Tap,O
131,the,O
131,screen,O
131,lightly,O
131,to,O
131,focus,O
132,GPS,B-FNC
132,Position,O
132,Mismatch,O
133,Fly,O
133,with,O
133,caution,O
133,and,O
133,ensure,O
133,the,O
133,aircraft,B-CMP
133,remains,O
133,within,O
133,your,O
133,line,O
133,of,O
133,sight,O
134,GPS,B-FNC
134,Position,O
134,Mismatch,O
135,GPS,B-FNC
135,Position,O
135,Mismatch,O
136,GPS,B-FNC
136,Position,O
136,Mismatch,O
137,Aircraft,B-CMP
137,close,O
137,to,O
137,Home,O
137,Point,O
137,shifts,O
137,to,O
138,Home,O
138,Point,O
138,Recorded,O
138,RTH,B-ACT
138,Altitude,O
138,30m,O
139,Landing,B-CMP
139,gear,I-CMP
139,Avoidance,O
139,Disabled,O
140,GPS,B-FNC
140,Position,O
140,Mismatch,O
141,Taking,B-ACT
141,Off,I-ACT
142,GPS,B-FNC
142,Position,O
142,Mismatch,O
143,GPS,B-FNC
143,Position,O
143,Mismatch,O
144,Taking,B-ACT
144,Off,I-ACT
145,Switched,O
145,to,O
145,T,B-STE
145,Tripod,I-STE
145,Mode,I-STE
146,Home,O
146,Point,O
146,recorded,O
146,ft,O
147,Attitude,O
147,is,O
147,too,O
147,large,O
148,GPS,B-FNC
148,Position,O
148,Mismatch,O
149,Home,O
149,Point,O
149,Recorded,O
149,RTH,B-ACT
149,Altitude,O
149,30m,O
150,GPS,B-FNC
150,Position,O
150,Mismatch,O
151,Taking,B-ACT
151,Off,I-ACT
152,GPS,B-FNC
152,Position,O
152,Mismatch,O
153,GPS,B-FNC
153,Position,O
153,Mismatch,O
154,Switched,O
154,to,O
154,T,B-STE
154,Tripod,B-STE
154,Mode,I-STE
155,GEO,O
155,You,O
155,are,O
155,in,O
155,a,O
155,Warning,B-ISS
155,Zone,I-ISS
155,School,O
155,Fly,O
155,with,O
155,caution,O
156,GPS,B-FNC
156,Position,O
156,Mismatch,O
157,Landing,B-CMP
157,gear,I-CMP
157,Avoidance,O
157,Disabled,O
158,Obstacle,B-FNC
158,Avoidance,I-FNC
158,will,O
158,be,O
158,disabled,O
158,in,O
158,landing,B-ACT
159,Weak,O
159,signal,O
159,Avoid,O
159,blocking,O
159,the,O
159,antennas,O
159,and,O
159,keep,O
159,the,O
159,antennas,O
159,parallel,O
159,to,O
159,and,O
159,facing,O
159,toward,O
159,the,O
159,aircraft,B-CMP
159,during,O
159,flight,O
160,GPS,B-FNC
160,Position,O
160,Mismatch,O
161,Tap,O
161,the,O
161,screen,O
161,to,O
161,focus,O
162,GPS,B-FNC
162,Position,O
162,Mismatch,O
163,GEO,I-STE
163,You,O
163,are,O
163,in,O
163,a,O
163,Warning,B-ISS
163,Zone,I-ISS
163,School,O
163,Fly,O
163,with,O
163,caution,O
164,Ground,O
164,Plain,O
164,Safe,O
164,to,O
164,Land,O
165,GPS,B-FNC
165,Position,O
165,Mismatch,O
166,Weak,O
166,signal,O
166,Avoid,O
166,blocking,O
166,the,O
166,antennas,O
166,and,O
166,keep,O
166,the,O
166,antennas,O
166,parallel,O
166,to,O
166,and,O
166,facing,O
166,toward,O
166,the,O
166,aircraft,B-CMP
166,during,O
166,flight,O
167,GPS,B-FNC
167,Position,O
167,Mismatch,O
168,Landing,B-CMP
168,gear,I-CMP
168,Avoidance,O
168,Disabled,O
169,Your,O
169,palm,O
169,is,O
169,too,O
169,far,O
169,away,O
169,from,O
169,the,O
169,aircraft,B-CMP
169,Please,O
169,step,O
169,closer,O
170,Home,O
170,Point,O
170,Updated,O
171,Attitude,O
171,is,O
171,too,O
171,large,O
172,High,O
172,wind,B-ISS
172,velocity,I-ISS
172,Fly,O
172,with,O
172,caution,O
172,and,O
172,land,O
172,in,O
172,a,O
172,safe,O
172,place,O
172,ASAP,O
173,GPS,B-FNC
173,Position,O
173,Mismatch,O
174,Home,O
174,Point,O
174,Updated,O
175,Taking,B-ACT
175,Off,I-ACT
176,GPS,B-FNC
176,Position,O
176,Mismatch,O
177,GPS,B-FNC
177,Position,O
177,Mismatch,O
178,GPS,B-FNC
178,Position,O
178,Mismatch,O
179,Switched,O
179,to,O
179,T,B-STE
179,Tripod,B-STE
179,Mode,I-STE
180,GPS,B-FNC
180,Position,O
180,Mismatch,O
181,Tip,O
181,Aircraft,B-CMP
181,reached,O
181,maximum,B-ISS
181,distance,I-ISS
181,please,O
181,pay,O
181,attention,O
181,to,O
181,flight,O
181,safety,O
182,GEO,O
182,You,O
182,are,O
182,in,O
182,a,O
182,Warning,B-ISS
182,Zone,I-ISS
182,School,O
182,Fly,O
182,with,O
182,caution,O
183,Home,O
183,Point,O
183,Recorded,O
183,RTH,B-ACT
183,Altitude,O
183,30m,O
184,Obstacle,B-FNC
184,Avoidance,I-FNC
184,will,O
184,be,O
184,disabled,O
184,in,O
184,landing,B-ACT
185,Compass,B-CMP
185,abnormalSolution,O
185,1,O
185,Ensure,O
185,there,O
185,are,O
185,no,O
185,magnets,O
185,or,O
185,metal,O
185,objects,O
185,near,O
185,the,O
185,aircraft,B-CMP
185,The,O
185,ground,O
185,or,O
185,walls,O
185,may,O
185,contain,O
185,metal,O
185,Move,O
185,away,O
185,from,O
185,sources,O
185,of,O
185,interference,B-ISS
185,before,O
185,attempting,O
185,flight,O
185,2,O
185,Calibrate,B-ACT
185,Compass,B-CMP
185,Before,O
185,Takeoff,O
186,GPS,B-FNC
186,Position,O
186,Mismatch,O
187,Max,B-ISS
187,Flight,I-ISS
187,Altitude,I-ISS
187,Reached,O
187,Adjust,O
187,in,O
187,Main,O
187,Controller,B-CMP
187,Settings,B-FNC
187,if,O
187,necessary,O
188,Fly,O
188,with,O
188,caution,O
188,and,O
188,ensure,O
188,the,O
188,aircraft,B-CMP
188,remains,O
188,within,O
188,your,O
188,line,O
188,of,O
188,sight,O
189,GPS,B-FNC
189,Position,O
189,Mismatch,O
190,GPS,B-FNC
190,Position,O
190,Mismatch,O
191,GPS,B-FNC
191,Position,O
191,Mismatch,O
192,Data,O
192,Recorder,O
192,File,O
192,Index,O
192,is,O
192,7,O
193,Data,O
193,Recorder,O
193,File,O
193,Index,O
193,is,O
193,15,O
194,GPS,B-FNC
194,Position,O
194,Mismatch,O
195,Taking,B-ACT
195,Off,I-ACT
196,GPS,B-FNC
196,Position,O
196,Mismatch,O
197,GPS,B-FNC
197,Position,O
197,Mismatch,O
198,GPS,B-FNC
198,Position,O
198,Mismatch,O
199,Max,B-ISS
199,Flight,I-ISS
199,Distance,I-ISS
199,Reached,O
199,Adjust,O
199,in,O
199,Main,O
199,Controller,B-CMP
199,Settings,B-FNC
199,if,O
199,necessary,O
200,GPS,B-FNC
200,Position,O
200,Mismatch,O
201,Downlink,B-CMP
201,Lost,O
202,GPS,B-FNC
202,Position,O
202,Mismatch,O
203,GPS,B-FNC
203,Position,O
203,Mismatch,O
204,GEO,O
204,You,O
204,are,O
204,in,O
204,a,O
204,Warning,B-ISS
204,Zone,I-ISS
204,School,O
204,Fly,O
204,with,O
204,caution,O
205,Home,O
205,Point,O
205,Updated,O
206,GPS,B-FNC
206,Position,O
206,Mismatch,O
207,GPS,B-FNC
207,Position,O
207,Mismatch,O
208,Data,O
208,Recorder,O
208,File,O
208,Index,O
208,is,O
208,15,O
209,Attitude,O
209,is,O
209,too,O
209,large,O
210,Obstacle,B-FNC
210,Avoidance,I-FNC
210,will,O
210,be,O
210,disabled,O
210,in,O
210,landing,B-ACT
211,Data,O
211,Recorder,O
211,File,O
211,Index,O
211,is,O
211,8,O
212,Tap,O
212,the,O
212,screen,O
212,lightly,O
212,to,O
212,focus,O
213,Remote,O
213,controller,B-CMP
213,assisted,O
213,takeoff,O
213,initiated,O
214,Data,O
214,Recorder,O
214,File,O
214,Index,O
214,is,O
214,45,O
215,Data,O
215,Recorder,O
215,File,O
215,Index,O
215,is,O
215,6,O
216,Landing,B-ACT
216,Canceled,O
217,Fly,O
217,with,O
217,caution,O
217,and,O
217,ensure,O
217,the,O
217,aircraft,B-CMP
217,remains,O
217,within,O
217,your,O
217,line,O
217,of,O
217,sight,O
218,SD,B-CMP
218,card,I-CMP
218,write,O
218,speed,O
218,is,O
218,too,O
218,slow,O
218,Not,O
218,suitable,O
218,for,O
218,shooting,O
218,a,O
218,4K,O
218,video,O
219,GPS,B-FNC
219,Position,O
219,Mismatch,O
220,Landing,B-CMP
220,Gear,I-CMP
220,Raising,B-ACT
221,GPS,B-FNC
221,Position,O
221,Mismatch,O
222,GPS,B-FNC
222,Position,O
222,Mismatch,O
223,Fly,O
223,with,O
223,caution,O
223,and,O
223,ensure,O
223,the,O
223,aircraft,B-CMP
223,remains,O
223,within,O
223,your,O
223,line,O
223,of,O
223,sight,O
224,Switched,O
224,to,O
224,P,B-STE
224,Positioning,B-STE
224,Mode,I-STE
225,GPS,B-FNC
225,Position,O
225,Mismatch,O
226,Obstacle,B-FNC
226,Avoidance,I-FNC
226,will,O
226,be,O
226,disabled,O
226,in,O
226,landing,B-ACT
227,GPS,B-FNC
227,Position,O
227,Mismatch,O
228,GPS,B-FNC
228,Position,O
228,Mismatch,O
229,Obstacle,B-FNC
229,Avoidance,I-FNC
229,will,O
229,be,O
229,disabled,O
229,in,O
229,landing,B-ACT
230,Locating,O
230,Landing,B-ACT
230,Point,O
231,Data,O
231,Recorder,O
231,File,O
231,Index,O
231,is,O
231,30,O
232,Switched,O
232,to,O
232,P,B-STE
232,Positioning,I-STE
232,Mode,I-STE
233,Tap,O
233,the,O
233,screen,O
233,lightly,O
233,to,O
233,focus,O
234,Strong,O
234,Interference,B-ISS
234,to,O
234,Aircraft,B-CMP
234,Signal,O
234,interruption,O
234,may,O
234,be,O
234,more,O
234,likely,O
234,Fly,O
234,with,O
234,caution,O
235,GPS,B-FNC
235,Position,O
235,Mismatch,O
236,Gimbal,B-CMP
236,Pitch,I-CMP
236,Limit,O
236,Reached,O
237,In,B-STE
237,Flight,I-STE
238,Landing,B-ACT
239,GPS,B-FNC
239,Position,O
239,Mismatch,O
240,Tap,O
240,the,O
240,screen,O
240,lightly,O
240,to,O
240,focus,O
241,GPS,B-FNC
241,Position,O
241,Mismatch,O
242,GPS,B-FNC
242,Position,O
242,Mismatch,O
243,GPS,B-FNC
243,Position,O
243,Mismatch,O
244,GPS,B-FNC
244,Position,O
244,Mismatch,O
245,GPS,B-FNC
245,Position,O
245,Mismatch,O
246,Obstacle,O
246,Avoided,B-ACT
246,Revise,O
246,Flight,O
246,Route,O
247,Taking,B-ACT
247,Off,I-ACT
248,Home,O
248,Point,O
248,Recorded,O
248,RTH,B-ACT
248,Altitude,O
248,ÃÂ,O
248,30m,O
249,GPS,B-FNC
249,Position,O
249,Mismatch,O
250,Ground,O
250,Plain,O
250,Safe,O
250,to,O
250,Land,O
251,Maximum,B-ISS
251,flight,I-ISS
251,distance,I-ISS
251,reached,O
251,Adjust,O
251,the,O
251,distance,O
251,in,O
251,MC,O
251,Settings,B-FNC
251,if,O
251,required,O
252,Max,B-ISS
252,Flight,I-ISS
252,Distance,I-ISS
252,Reached,O
252,Adjust,O
252,in,O
252,Main,O
252,Controller,B-CMP
252,Settings,B-FNC
252,if,O
252,necessary,O
253,Fly,O
253,with,O
253,caution,O
253,and,O
253,ensure,O
253,the,O
253,aircraft,B-CMP
253,remains,O
253,within,O
253,your,O
253,line,O
253,of,O
253,sight,O
254,GPS,B-FNC
254,Position,O
254,Mismatch,O
255,Switched,O
255,to,O
255,P,B-STE
255,Positioning,B-STE
255,Mode,I-STE
256,Data,O
256,Recorder,O
256,File,O
256,Index,O
256,is,O
256,9,O
257,Palm,B-FNC
257,Control,I-FNC
257,in,O
257,Process,O
258,Maximum,B-ISS
258,flight,I-ISS
258,distance,I-ISS
258,reached,O
258,Adjust,O
258,the,O
258,distance,O
258,in,O
258,MC,O
258,Settings,B-FNC
258,if,O
258,required,O
259,Landing,B-ACT
260,Taking,B-ACT
260,Off,I-ACT
261,GPS,B-FNC
261,Position,O
261,Mismatch,O
262,Strong,O
262,Interference,B-ISS
262,to,O
262,Aircraft,B-CMP
262,Signal,O
262,interruption,O
262,may,O
262,be,O
262,more,O
262,likely,O
262,Fly,O
262,with,O
262,caution,O
263,Landing,B-CMP
263,Gear,I-CMP
263,Raised,B-ACT
264,GPS,B-FNC
264,Position,O
264,Mismatch,O
265,Large,O
265,Wind,B-ISS
265,Velocity,I-ISS
266,Tap,O
266,the,O
266,screen,O
266,lightly,O
266,to,O
266,focus,O
267,Max,B-ISS
267,Flight,I-ISS
267,Altitude,I-ISS
267,Reached,O
267,Adjust,O
267,in,O
267,Main,O
267,Controller,B-CMP
267,Settings,B-FNC
267,if,O
267,necessary,O
268,GPS,B-FNC
268,Position,O
268,Mismatch,O
269,Home,O
269,Point,O
269,Recorded,O
269,RTH,B-ACT
269,Altitude,O
269,30m,O
270,Obstacle,B-FNC
270,Avoidance,I-FNC
270,disabled,O
270,Landing,B-CMP
270,gear,I-CMP
270,lowered,B-ACT
270,Obstacle,B-FNC
270,Avoidance,I-FNC
270,has,O
270,been,O
270,disabled,O
271,GPS,B-FNC
271,Position,O
271,Mismatch,O
272,Home,O
272,Point,O
272,Updated,O
273,Taking,B-ACT
273,Off,I-ACT
274,GPS,B-FNC
274,Position,O
274,Mismatch,O
275,Your,O
275,palm,O
275,is,O
275,too,O
275,close,O
275,to,O
275,the,O
275,aircraft,B-CMP
275,Please,O
275,step,O
275,farther,O
275,away,O
276,GPS,B-FNC
276,Position,O
276,Mismatch,O
277,Not,O
277,Allowed,O
277,to,O
277,change,O
277,Aircraft,B-CMP
277,Mode,O
277,If,O
277,needed,O
278,GPS,B-FNC
278,Position,O
278,Mismatch,O
279,Max,B-ISS
279,Flight,I-ISS
279,Distance,I-ISS
279,Reached,O
279,Adjust,O
279,in,O
279,Main,O
279,Controller,B-CMP
279,Settings,B-FNC
279,if,O
279,necessary,O
280,GPS,B-FNC
280,Position,O
280,Mismatch,O
281,Tip,O
281,Aircraft,B-CMP
281,reached,O
281,maximum,B-ISS
281,distance,I-ISS
281,please,O
281,pay,O
281,attention,O
281,to,O
281,flight,O
281,safety,O
282,GPS,B-FNC
282,Position,O
282,Mismatch,O
283,GPS,B-FNC
283,Position,O
283,Mismatch,O
284,GPS,B-FNC
284,Position,O
284,Mismatch,O
285,Max,B-ISS
285,Flight,I-ISS
285,Distance,I-ISS
285,Reached,O
285,Adjust,O
285,in,O
285,Main,O
285,Controller,B-CMP
285,Settings,B-FNC
285,if,O
285,necessary,O
286,Max,B-ISS
286,Flight,I-ISS
286,Altitude,I-ISS
286,Reached,O
286,Adjust,O
286,in,O
286,Main,O
286,Controller,B-CMP
286,Settings,B-FNC
286,if,O
286,necessary,O
287,GPS,B-FNC
287,Position,O
287,Mismatch,O
288,Taking,B-ACT
288,Off,I-ACT
289,GPS,B-FNC
289,Position,O
289,Mismatch,O
290,Obstacle,B-FNC
290,Avoidance,I-FNC
290,will,O
290,be,O
290,disabled,O
290,in,O
290,landing,B-ACT
291,Attitude,O
291,is,O
291,too,O
291,large,O
292,Home,O
292,Point,O
292,Recorded,O
292,RTH,B-ACT
292,Altitude,O
292,30m,O
293,GPS,B-FNC
293,Position,O
293,Mismatch,O
294,Data,O
294,Recorder,O
294,File,O
294,Index,O
294,is,O
294,57,O
295,Home,O
295,Point,O
295,Recorded,O
295,RTH,B-ACT
295,Altitude,O
295,30m,O
296,Large,O
296,Wind,B-ISS
296,Velocity,I-ISS
297,High,O
297,wind,B-ISS
297,velocity,I-ISS
297,Ensure,O
297,the,O
297,aircraft,B-CMP
297,remains,O
297,within,O
297,your,O
297,line,O
297,of,O
297,sight,O
297,and,O
297,fly,O
297,with,O
297,caution,O
298,Landing,B-ACT
298,Canceled,O
299,Palm,B-FNC
299,Control,I-FNC
299,in,O
299,Process,O
300,High,O
300,wind,B-ISS
300,velocity,I-ISS
300,Ensure,O
300,the,O
300,aircraft,B-CMP
300,remains,O
300,within,O
300,your,O
300,line,O
300,of,O
300,sight,O
300,and,O
300,fly,O
300,with,O
300,caution,O
301,GPS,B-FNC
301,Position,O
301,Mismatch,O
302,Obstacle,B-FNC
302,Sensing,I-FNC
302,will,O
302,be,O
302,disabled,O
302,when,O
302,aircraft,B-CMP
302,is,O
302,landing,B-ACT
302,Fly,O
302,with,O
302,caution,O
303,Obstacle,B-FNC
303,Sensing,I-FNC
303,will,O
303,be,O
303,disabled,O
303,when,O
303,aircraft,B-CMP
303,is,O
303,landing,B-ACT
303,Fly,O
303,with,O
303,caution,O
304,GPS,B-FNC
304,Position,O
304,Mismatch,O
305,Locating,O
305,Landing,B-ACT
305,Point,O
306,Data,O
306,Recorder,O
306,File,O
306,Index,O
306,is,O
306,8,O
307,Obstacle,B-FNC
307,Avoidance,I-FNC
307,will,O
307,be,O
307,disabled,O
307,in,O
307,landing,B-ACT
308,GPS,B-FNC
308,Position,O
308,Mismatch,O
309,GPS,B-FNC
309,Position,O
309,Mismatch,O
310,Taking,B-ACT
310,Off,I-ACT
311,Gimbal,B-CMP
311,Pitch,I-CMP
311,Reached,O
311,Movement,O
311,Limit,O
312,Switched,O
312,to,O
312,S,B-STE
312,Sport,B-STE
312,Mode,I-STE
313,Attitude,O
313,is,O
313,too,O
313,large,O
314,Home,O
314,Point,O
314,Recorded,O
314,RTH,B-ACT
314,Altitude,O
314,30m,O
315,GPS,B-FNC
315,Position,O
315,Mismatch,O
316,Landing,B-CMP
316,Gear,I-CMP
316,Lowered,B-ACT
317,Maximum,B-ISS
317,flight,I-ISS
317,distance,I-ISS
317,reached,O
317,Adjust,O
317,the,O
317,distance,O
317,in,O
317,MC,O
317,Settings,B-FNC
317,if,O
317,required,O
318,Max,B-ISS
318,Flight,I-ISS
318,Altitude,I-ISS
318,Reached,O
318,Adjust,O
318,in,O
318,Main,O
318,Controller,B-CMP
318,Settings,B-FNC
318,if,O
318,necessary,O
319,Can,O
319,not,O
319,Identify,O
319,Subject,O
320,Taking,B-ACT
320,Off,I-ACT
321,GPS,B-FNC
321,Position,O
321,Mismatch,O
322,GPS,B-FNC
322,Position,O
322,Mismatch,O
323,Fly,O
323,with,O
323,caution,O
323,and,O
323,ensure,O
323,the,O
323,aircraft,B-CMP
323,remains,O
323,within,O
323,your,O
323,line,O
323,of,O
323,sight,O
324,Switched,O
324,to,O
324,S,B-STE
324,Sport,B-STE
325,Aircraft,B-CMP
325,is,O
325,returning,O
325,to,O
325,the,O
325,Home,O
325,Point,O
325,Minimum,O
325,RTH,B-ACT
325,Altitude,O
325,is,O
325,98ft,O
325,You,O
325,can,O
325,reset,O
325,the,O
325,RTH,B-ACT
325,Altitude,O
325,in,O
325,Remote,O
325,Controller,B-CMP
325,Settings,B-FNC
325,after,O
325,cancelling,O
325,RTH,B-ACT
326,GPS,B-FNC
326,Position,O
326,Mismatch,O
327,GEO,O
327,You,O
327,are,O
327,in,O
327,a,O
327,Warning,B-ISS
327,Zone,I-ISS
327,School,O
327,Fly,O
327,with,O
327,caution,O
327,Compass,B-CMP
327,abnormalSolution,O
327,1,O
327,Ensure,O
327,there,O
327,are,O
327,no,O
327,magnets,O
327,or,O
327,metal,O
327,objects,O
327,near,O
327,the,O
327,aircraft,B-CMP
327,The,O
327,ground,O
327,or,O
327,walls,O
327,may,O
327,contain,O
327,metal,O
327,Move,O
327,away,O
327,from,O
327,sources,O
327,of,O
327,interference,B-ISS
327,before,O
327,attempting,O
327,flight,O
327,2,O
327,Calibrate,B-ACT
327,Compass,B-CMP
327,Before,O
327,Takeoff,O
328,GPS,B-FNC
328,Position,O
328,Mismatch,O
329,Obstacle,B-FNC
329,Avoidance,I-FNC
329,will,O
329,be,O
329,disabled,O
329,in,O
329,landing,B-ACT
330,Home,O
330,Point,O
330,Updated,O
331,Aircraft,B-CMP
331,is,O
331,returning,O
331,to,O
331,the,O
331,Home,O
331,Point,O
331,RTH,B-ACT
331,Altitude,O
331,is,O
331,30m,O
331,You,O
331,can,O
331,reset,O
331,the,O
331,RTH,B-ACT
331,Altitude,O
331,in,O
331,Remote,O
331,Controller,B-CMP
331,Settings,B-FNC
331,after,O
331,cancelling,O
331,RTH,B-ACT
331,if,O
331,necessary,O
332,In,B-STE
332,Flight,I-STE
333,GPS,B-FNC
333,Position,O
333,Mismatch,O
334,GPS,B-FNC
334,Position,O
334,Mismatch,O
335,Attitude,O
335,is,O
335,too,O
335,large,O
336,Attitude,O
336,is,O
336,too,O
336,large,O
337,GPS,B-FNC
337,Position,O
337,Mismatch,O
338,GPS,B-FNC
338,Position,O
338,Mismatch,O
339,GPS,B-FNC
339,Position,O
339,Mismatch,O
340,GPS,B-FNC
340,Position,O
340,Mismatch,O
341,Your,O
341,palm,O
341,is,O
341,too,O
341,close,O
341,to,O
341,the,O
341,aircraft,B-CMP
341,Please,O
341,step,O
341,farther,O
341,away,O
342,GPS,B-FNC
342,Position,O
342,Mismatch,O
343,GPS,B-FNC
343,Position,O
343,Mismatch,O
344,Your,O
344,palm,O
344,is,O
344,too,O
344,close,O
344,to,O
344,the,O
344,aircraft,B-CMP
344,Please,O
344,step,O
344,farther,O
344,away,O
345,GPS,B-FNC
345,Position,O
345,Mismatch,O
346,Landing,B-ACT
347,Landing,B-FNC
347,Protection,I-FNC
347,Activated,O
347,Aircraft,B-CMP
347,will,O
347,decelerate,O
347,during,O
347,landing,B-ACT
348,Landing,B-CMP
348,gear,I-CMP
348,Avoidance,O
348,Disabled,O
349,Switched,O
349,to,O
349,S,B-STE
349,Sport,B-STE
350,Attitude,O
350,is,O
350,too,O
350,large,O
351,GPS,B-FNC
351,Position,O
351,Mismatch,O
352,Taking,B-ACT
352,off,I-ACT
353,Data,O
353,Recorder,O
353,File,O
353,Index,O
353,is,O
353,12,O
354,Home,O
354,Point,O
354,Recorded,O
354,RTH,B-ACT
354,Altitude,O
354,30m,O
355,Intelligent,B-STE
355,Flight,I-STE
355,Modes,I-STE
355,have,O
355,not,O
355,been,O
355,enabled,O
355,Enable,O
355,this,O
355,option,O
355,in,O
355,Main,O
355,Controller,B-CMP
355,Settings,B-FNC
355,if,O
355,needed,O
356,Aircraft,B-CMP
356,is,O
356,returning,O
356,to,O
356,the,O
356,Home,O
356,Point,O
356,Minimum,O
356,RTH,B-ACT
356,Altitude,O
356,is30m,O
356,You,O
356,can,O
356,reset,O
356,the,O
356,RTH,B-ACT
356,Altitude,O
356,in,O
356,Remote,O
356,Controller,B-CMP
356,Settings,B-FNC
356,after,O
356,cancelling,O
356,RTH,B-ACT
357,Taking,B-ACT
357,Off,I-ACT
358,GEO,O
358,You,O
358,are,O
358,in,O
358,a,O
358,Warning,B-ISS
358,Zone,I-ISS
358,School,O
358,Fly,O
358,with,O
358,caution,O
359,Taking,B-ACT
359,Off,I-ACT
360,Another,O
360,aircraft,B-CMP
360,is,O
360,nearby,O
360,Fly,O
360,with,O
360,caution,O
360,Another,O
360,aircraft,B-CMP
360,is,O
360,dangerously,O
360,close,O
360,please,O
360,descend,O
360,to,O
360,a,O
360,safer,O
360,altitude,O
361,Obstacle,B-FNC
361,Avoidance,I-FNC
361,will,O
361,be,O
361,disabled,O
361,in,O
361,landing,B-ACT
362,Switched,O
362,to,O
362,P,B-STE
362,Positioning,B-STE
362,Mode,I-STE
363,GPS,B-FNC
363,Position,O
363,Mismatch,O
364,Taking,B-ACT
364,Off,I-ACT
365,Data,O
365,Recorder,O
365,File,O
365,Index,O
365,is,O
365,29,O
366,High,O
366,wind,B-ISS
366,velocity,I-ISS
366,Fly,O
366,with,O
366,caution,O
367,Home,O
367,Point,O
367,Recorded,O
367,RTH,B-ACT
367,Altitude,O
367,30m,O
368,Obstacle,B-FNC
368,Sensing,I-FNC
368,will,O
368,be,O
368,disabled,O
368,when,O
368,aircraft,B-CMP
368,is,O
368,landing,B-ACT
368,Fly,O
368,with,O
368,caution,O
369,Obstacle,B-FNC
369,Avoidance,I-FNC
369,will,O
369,be,O
369,disabled,O
369,in,O
369,landing,B-ACT
370,GPS,B-FNC
370,Position,O
370,Mismatch,O
371,GPS,B-FNC
371,Position,O
371,Mismatch,O
372,Tip,O
372,Aircraft,B-CMP
372,reached,O
372,maximum,B-ISS
372,distance,I-ISS
372,please,I-ISS
372,pay,O
372,attention,O
372,to,O
372,flight,O
372,safety,O
373,Ground,O
373,Plain,O
373,Safe,O
373,to,O
373,Land,O
374,GPS,B-FNC
374,Position,O
374,Mismatch,O
375,Home,O
375,Point,O
375,Updated,O
376,Switched,I-STE
376,to,O
376,T,B-STE
376,Tripod,B-STE
376,Mode,I-STE
377,Attitude,O
377,is,O
377,too,O
377,large,O
378,Home,O
378,Point,O
378,Recorded,O
378,RTH,B-ACT
378,Altitude,O
378,30m,O
379,GPS,B-FNC
379,Position,O
379,Mismatch,O
380,Weak,O
380,signal,O
380,Avoid,O
380,blocking,O
380,the,O
380,antennas,O
380,and,O
380,keep,O
380,the,O
380,antennas,O
380,parallel,O
380,to,O
380,and,O
380,facing,O
380,toward,O
380,the,O
380,aircraft,B-CMP
380,during,O
380,flight,O
381,GPS,B-FNC
381,Position,O
381,Mismatch,O
382,Tap,O
382,the,O
382,screen,O
382,lightly,O
382,to,O
382,focus,O
383,GPS,B-FNC
383,Position,O
383,Mismatch,O
384,Fly,O
384,with,O
384,caution,O
384,and,O
384,ensure,O
384,the,O
384,aircraft,B-CMP
384,remains,O
384,within,O
384,your,O
384,line,O
384,of,O
384,sight,O
385,GPS,B-FNC
385,Position,O
385,Mismatch,O
386,GPS,B-FNC
386,Position,O
386,Mismatch,O
387,GPS,B-FNC
387,Position,O
387,Mismatch,O
388,GPS,B-FNC
388,Position,O
388,Mismatch,O
389,GPS,B-FNC
389,Position,O
389,Mismatch,O
390,Obstacle,B-FNC
390,Sensing,I-FNC
390,will,O
390,be,O
390,disabled,O
390,when,O
390,aircraft,B-CMP
390,is,O
390,landing,B-ACT
390,Fly,O
390,with,O
390,caution,O
391,GPS,B-FNC
391,Position,O
391,Mismatch,O
392,Taking,B-ACT
392,Off,I-ACT
393,Fly,O
393,with,O
393,caution,O
393,and,O
393,ensure,O
393,the,O
393,aircraft,B-CMP
393,remains,O
393,within,O
393,your,O
393,line,O
393,of,O
393,sight,O
394,GPS,B-FNC
394,Position,O
394,Mismatch,O
395,Palm,B-FNC
395,Control,I-FNC
395,in,O
395,Process,O
396,GPS,B-FNC
396,Position,O
396,Mismatch,O
397,GPS,B-FNC
397,Position,O
397,Mismatch,O
398,Gimbal,B-CMP
398,Pitch,I-CMP
398,Limit,O
398,Reached,O
399,Taking,B-ACT
399,Off,I-ACT
400,Obstacle,B-FNC
400,Avoidance,I-FNC
400,will,O
400,be,O
400,disabled,O
400,in,B-STE
400,landing,I-STE
401,Obstacle,O
401,Avoided,B-ACT
401,Revise,O
401,Flight,O
401,Route,O
402,Switched,O
402,to,O
402,P,B-STE
402,Positioning,B-STE
402,Mode,I-STE
403,GPS,B-FNC
403,Position,O
403,Mismatch,O
404,Obstacle,B-FNC
404,Avoidance,I-FNC
404,will,O
404,be,O
404,disabled,O
404,in,O
404,landing,B-ACT
405,GPS,B-FNC
405,Position,O
405,Mismatch,O
406,The,O
406,remaining,O
406,battery,B-CMP
406,is,O
406,only,O
406,enough,O
406,for,O
406,RTH,B-ACT
406,Return,O
406,home,O
406,now,O
407,To,O
407,take,O
407,off,O
407,in,O
407,mode,O
407,toggle,O
407,Flight,O
407,Mode,O
407,Switch,O
407,to,O
407,another,O
407,mode,O
407,and,O
407,then,O
407,toggle,O
407,it,O
407,back,O
408,Switched,O
408,to,O
408,S,B-STE
408,Sport,B-STE
408,Mode,I-STE
409,Ground,O
409,Plain,O
409,Safe,O
409,to,O
409,Land,O
410,GPS,B-FNC
410,Position,O
410,Mismatch,O
411,GPS,B-FNC
411,Position,O
411,Mismatch,O
412,Attitude,O
412,is,O
412,too,O
412,large,O
413,High,O
413,wind,B-ISS
413,velocity,I-ISS
413,Ensure,O
413,the,O
413,aircraft,B-CMP
413,remains,O
413,within,O
413,your,O
413,line,O
413,of,O
413,sight,O
413,and,O
413,fly,O
413,with,O
413,caution,O
414,GPS,B-FNC
414,Position,O
414,Mismatch,O
415,Gimbal,B-CMP
415,Roll,I-CMP
415,Limit,O
415,Reached,O
416,Can,O
416,not,O
416,switch,O
416,flight,O
416,mode,O
416,Turn,O
416,on,O
416,Multiple,O
416,Flight,O
416,Modes,O
416,to,O
416,enable,O
416,Atti,O
416,and,O
416,Sport,B-STE
416,Modes,I-STE
417,Taking,B-ACT
417,Off,I-ACT
418,Attitude,O
418,is,O
418,too,O
418,large,O
419,GPS,B-FNC
419,Position,O
419,Mismatch,O
420,Taking,B-ACT
420,Off,I-ACT
421,Not,O
421,Allowed,O
421,to,O
421,change,O
421,Aircraft,B-CMP
421,Mode,O
421,If,O
421,needed,O
422,High,O
422,wind,B-ISS
422,velocity,I-ISS
422,Fly,O
422,with,O
422,caution,O
423,GPS,B-FNC
423,Position,O
423,Mismatch,O
424,GPS,B-FNC
424,Position,O
424,Mismatch,O
425,Max,B-ISS
425,Flight,I-ISS
425,Distance,I-ISS
425,Reached,O
425,Adjust,O
425,in,O
425,Main,O
425,Controller,B-CMP
425,Settings,B-FNC
425,if,O
425,necessary,O
426,Obstacle,B-FNC
426,Avoidance,I-FNC
426,will,O
426,be,O
426,disabled,O
426,in,O
426,landing,B-ACT
427,GPS,B-FNC
427,Position,O
427,Mismatch,O
428,Home,O
428,Point,O
428,Recorded,O
428,RTH,B-ACT
428,Altitude,O
428,30m,O
429,GPS,B-FNC
429,Position,O
429,Mismatch,O
430,Home,O
430,Point,O
430,Recorded,O
430,RTH,B-ACT
430,Altitude,O
430,30m,O
431,Landing,B-CMP
431,gear,I-CMP
431,Avoidance,O
431,Disabled,O
432,Attitude,O
432,is,O
432,too,O
432,large,O
433,Attitude,O
433,is,O
433,too,O
433,large,O
434,Downlink,B-CMP
434,Lost,O
435,GPS,B-FNC
435,Position,O
435,Mismatch,O
436,Switched,O
436,to,O
436,P,B-STE
436,Positioning,B-STE
436,Mode,I-STE
437,GPS,B-FNC
437,Position,O
437,Mismatch,O
438,GPS,B-FNC
438,Position,O
438,Mismatch,O
439,GPS,B-FNC
439,Position,O
439,Mismatch,O
440,Weak,O
440,signal,O
440,Avoid,O
440,blocking,O
440,the,O
440,antennas,O
440,and,O
440,keep,O
440,the,O
440,antennas,O
440,parallel,O
440,to,O
440,and,O
440,facing,O
440,toward,O
440,the,O
440,aircraft,B-CMP
440,during,O
440,flight,O
441,Data,O
441,Recorder,O
441,File,O
441,Index,O
441,is,O
441,57,O
442,Landing,B-FNC
442,Protection,I-FNC
442,Activated,O
442,Aircraft,B-CMP
442,will,O
442,decelerate,O
442,during,O
442,landing,B-ACT
443,GPS,B-FNC
443,Position,O
443,Mismatch,O
444,Attitude,O
444,is,O
444,too,O
444,large,O
445,GPS,B-FNC
445,Position,O
445,Mismatch,O
446,Taking,B-ACT
446,Off,I-ACT
447,Switched,O
447,to,O
447,P,B-STE
447,Positioning,B-STE
447,Mode,I-STE
448,High,O
448,wind,B-ISS
448,velocity,I-ISS
448,Ensure,O
448,the,O
448,aircraft,B-CMP
448,remains,O
448,within,O
448,your,O
448,line,O
448,of,O
448,sight,O
448,and,O
448,fly,O
448,with,O
448,caution,O
449,GPS,B-FNC
449,Position,O
449,Mismatch,O
450,GPS,B-FNC
450,Position,O
450,Mismatch,O
451,Home,O
451,Point,O
451,Updated,O
452,Attitude,O
452,is,O
452,too,O
452,large,O
453,Maximum,B-ISS
453,flight,I-ISS
453,distance,I-ISS
453,reached,O
453,Adjust,O
453,the,O
453,distance,O
453,in,O
453,MC,O
453,Settings,B-FNC
453,if,O
453,required,O
454,Home,O
454,Point,O
454,Recorded,O
454,RTH,B-ACT
454,Altitude,O
454,30m,O
455,Landing,B-FNC
455,Protection,I-FNC
455,Activated,O
455,Aircraft,B-CMP
455,will,O
455,decelerate,O
455,during,O
455,landing,B-ACT
456,To,O
456,take,O
456,off,O
456,in,O
456,mode,O
456,toggle,O
456,Flight,O
456,Mode,O
456,Switch,O
456,to,O
456,another,O
456,mode,O
456,and,O
456,then,O
456,toggle,O
456,it,O
456,back,O
457,GPS,B-FNC
457,Position,O
457,Mismatch,O
458,Home,O
458,Point,O
458,Updated,O
459,GPS,B-FNC
459,Position,O
459,Mismatch,O
460,GPS,B-FNC
460,Position,O
460,Mismatch,O
461,GPS,B-FNC
461,Position,O
461,Mismatch,O
462,Switched,O
462,to,O
462,P,B-STE
462,Positioning,B-STE
462,Mode,I-STE
463,GPS,B-FNC
463,Position,O
463,Mismatch,O
464,GPS,B-FNC
464,Position,O
464,Mismatch,O
465,Home,O
465,Point,O
465,Recorded,O
465,RTH,B-ACT
465,Altitude,O
465,30m,O
466,Fly,O
466,with,O
466,caution,O
466,and,O
466,ensure,O
466,the,O
466,aircraft,B-CMP
466,remains,O
466,within,O
466,your,O
466,line,O
466,of,O
466,sight,O
467,GPS,B-FNC
467,Position,O
467,Mismatch,O
468,GPS,B-FNC
468,Position,O
468,Mismatch,O
469,Home,O
469,Point,O
469,recorded,O
469,ft,O
470,GPS,B-FNC
470,Position,O
470,Mismatch,O
